COUNTYCODE,COUNTYID,COUNTYNAME,幾何,記錄數,TOWNCODE,TOWNENG,TOWNID,TOWNNAME
10014,V,臺東縣,POLYGON,1,10014020,Chenggong Township,V02,成功鎮
10013,T,屏東縣,POLYGON,1,10013210,Jiadong Township,T21,佳冬鄉
10009,P,雲林縣,POLYGON,1,10009130,Mailiao Township,P13,麥寮鄉
10014,V,臺東縣,MULTIPOLYGON,1,10014110,Lvdao Township,V11,綠島鄉
10014,V,臺東縣,MULTIPOLYGON,1,10014160,Lanyu Township,V16,蘭嶼鄉
10007,N,彰化縣,POLYGON,1,10007120,Tianzhong Township,N07,田中鎮
10007,N,彰化縣,POLYGON,1,10007170,Shetou Township,N19,社頭鄉
10013,T,屏東縣,POLYGON,1,10013140,Zhutian Township,T14,竹田鄉
10013,T,屏東縣,POLYGON,1,10013050,Wandan Township,T05,萬丹鄉
10005,K,苗栗縣,POLYGON,1,10005160,Sanwan Township,K13,三灣鄉
10004,J,新竹縣,POLYGON,1,10004110,Emei Township,J13,峨眉鄉
10005,K,苗栗縣,POLYGON,1,10005110,Nanzhuang Township,K14,南庄鄉
66000,B,臺中市,POLYGON,1,66000070,Nantun District,B07,南屯區
66000,B,臺中市,POLYGON,1,66000230,Wuri District,B23,烏日區
10010,Q,嘉義縣,POLYGON,1,10010010,Taibao City,Q12,太保市
10010,Q,嘉義縣,POLYGON,1,10010130,Zhongpu Township,Q14,中埔鄉
10010,Q,嘉義縣,POLYGON,1,10010160,Fanlu Township,Q17,番路鄉
10010,Q,嘉義縣,POLYGON,1,10010120,Shuishang Township,Q13,水上鄉
10007,N,彰化縣,POLYGON,1,10007100,Yuanlin City,N05,員林市
64000,E,高雄市,POLYGON,1,64000110,Xiaogang District,E11,小港區
10002,G,宜蘭縣,POLYGON,1,10002030,Suao Township,G09,蘇澳鎮
10002,G,宜蘭縣,POLYGON,1,10002090,Wujie Township,G07,五結鄉
10002,G,宜蘭縣,POLYGON,1,10002010,Yilan City,G01,宜蘭市
10002,G,宜蘭縣,POLYGON,1,10002060,Zhuangwei Township,G04,壯圍鄉
09007,Z,連江縣,MULTIPOLYGON,1,09007010,Nangan Township,Z01,南竿鄉
09007,Z,連江縣,MULTIPOLYGON,1,09007030,Juguang Township,Z03,莒光鄉
09020,W,金門縣,POLYGON,1,09020040,Jinning Township,W04,金寧鄉
09020,W,金門縣,MULTIPOLYGON,1,09020060,Wuchiou Township,W06,烏坵鄉
10002,G,宜蘭縣,POLYGON,1,10002020,Luodong Township,G06,羅東鎮
10002,G,宜蘭縣,POLYGON,1,10002070,Yuanshan Township,G05,員山鄉
10002,G,宜蘭縣,POLYGON,1,10002080,Dongshan Township,G08,冬山鄉
10002,G,宜蘭縣,POLYGON,1,10002100,Sanxing Township,G10,三星鄉
10002,G,宜蘭縣,POLYGON,1,10002110,Datong Township,G11,大同鄉
10004,J,新竹縣,POLYGON,1,10004020,Zhudong Township,J02,竹東鎮
10004,J,新竹縣,POLYGON,1,10004030,Xinpu Township,J04,新埔鎮
10004,J,新竹縣,POLYGON,1,10004040,Guanxi Township,J03,關西鎮
10004,J,新竹縣,POLYGON,1,10004050,Hukou Township,J06,湖口鄉
10004,J,新竹縣,POLYGON,1,10004070,Qionglin Township,J10,芎林鄉
10004,J,新竹縣,POLYGON,1,10004080,Hengshan Township,J08,橫山鄉
10004,J,新竹縣,POLYGON,1,10004090,Beipu Township,J12,北埔鄉
10004,J,新竹縣,POLYGON,1,10004100,Baoshan Township,J11,寶山鄉
10004,J,新竹縣,POLYGON,1,10004120,Jianshi Township,J14,尖石鄉
10004,J,新竹縣,POLYGON,1,10004130,Wufeng Township,J15,五峰鄉
10005,K,苗栗縣,POLYGON,1,10005010,Miaoli City,K01,苗栗市
10005,K,苗栗縣,POLYGON,1,10005070,Zhuolan Township,K16,卓蘭鎮
10005,K,苗栗縣,POLYGON,1,10005080,Dahu Township,K15,大湖鄉
10005,K,苗栗縣,POLYGON,1,10005090,Gongguan Township,K04,公館鄉
10005,K,苗栗縣,POLYGON,1,10005100,Tongluo Township,K05,銅鑼鄉
10005,K,苗栗縣,POLYGON,1,10005120,Touwu Township,K08,頭屋鄉
10005,K,苗栗縣,POLYGON,1,10005130,Sanyi Township,K06,三義鄉
10005,K,苗栗縣,POLYGON,1,10005140,Xihu Township,K07,西湖鄉
10005,K,苗栗縣,POLYGON,1,10005150,Zaoqiao Township,K11,造橋鄉
10005,K,苗栗縣,POLYGON,1,10005170,Shitan Township,K17,獅潭鄉
10005,K,苗栗縣,POLYGON,1,10005180,Taian Township,K18,泰安鄉
10007,N,彰化縣,POLYGON,1,10007010,Zhanghua City,N01,彰化市
10007,N,彰化縣,POLYGON,1,10007030,Hemei Township,N03,和美鎮
10007,N,彰化縣,POLYGON,1,10007040,Xianxi Township,N09,線西鄉
10007,N,彰化縣,POLYGON,1,10007050,Shengang Township,N10,伸港鄉
10007,N,彰化縣,POLYGON,1,10007070,Xiushui Township,N12,秀水鄉
10007,N,彰化縣,POLYGON,1,10007080,Huatan Township,N13,花壇鄉
10007,N,彰化縣,POLYGON,1,10007090,Fenyuan Township,N14,芬園鄉
10007,N,彰化縣,POLYGON,1,10007110,Xihu Township,N06,溪湖鎮
10010,Q,嘉義縣,MULTIPOLYGON,1,10010090,Dongshi Township,Q09,東石鄉
10007,N,彰化縣,POLYGON,1,10007130,Dacun Township,N15,大村鄉
10007,N,彰化縣,POLYGON,1,10007140,Puyan Township,N16,埔鹽鄉
10007,N,彰化縣,POLYGON,1,10007150,Puxin Township,N17,埔心鄉
10007,N,彰化縣,POLYGON,1,10007160,Yongjing Township,N18,永靖鄉
10007,N,彰化縣,POLYGON,1,10007180,Ershui Township,N20,二水鄉
10007,N,彰化縣,POLYGON,1,10007200,Erlin Township,N08,二林鎮
10007,N,彰化縣,POLYGON,1,10007220,Bitou Township,N22,埤頭鄉
10007,N,彰化縣,POLYGON,1,10007230,Fangyuan Township,N23,芳苑鄉
10007,N,彰化縣,POLYGON,1,10007240,Dacheng Township,N24,大城鄉
10007,N,彰化縣,POLYGON,1,10007250,Zhutang Township,N25,竹塘鄉
10007,N,彰化縣,POLYGON,1,10007260,Xizhou Township,N26,溪州鄉
10008,M,南投縣,POLYGON,1,10008010,Nantou City,M01,南投市
10008,M,南投縣,POLYGON,1,10008020,Puli Township,M02,埔里鎮
10008,M,南投縣,POLYGON,1,10008030,Caotun Township,M03,草屯鎮
10008,M,南投縣,POLYGON,1,10008040,Zhushan Township,M04,竹山鎮
10008,M,南投縣,POLYGON,1,10008050,Jiji Township,M05,集集鎮
10008,M,南投縣,POLYGON,1,10008060,Mingjian Township,M06,名間鄉
10008,M,南投縣,POLYGON,1,10008070,Lugu Township,M07,鹿谷鄉
10008,M,南投縣,POLYGON,1,10008080,Zhongliao Township,M08,中寮鄉
10008,M,南投縣,POLYGON,1,10008090,Yuchi Township,M09,魚池鄉
10008,M,南投縣,POLYGON,1,10008100,Guoxing Township,M10,國姓鄉
10008,M,南投縣,POLYGON,1,10008110,Shuili Township,M11,水里鄉
10008,M,南投縣,POLYGON,1,10008120,Xinyi Township,M12,信義鄉
10008,M,南投縣,POLYGON,1,10008130,Renai Township,M13,仁愛鄉
10009,P,雲林縣,POLYGON,1,10009010,Douliu City,P01,斗六市
10009,P,雲林縣,POLYGON,1,10009020,Dounan Township,P02,斗南鎮
10009,P,雲林縣,POLYGON,1,10009030,Huwei Township,P03,虎尾鎮
10009,P,雲林縣,POLYGON,1,10009040,Xiluo Township,P04,西螺鎮
10009,P,雲林縣,POLYGON,1,10009050,Tuku Township,P05,土庫鎮
10009,P,雲林縣,POLYGON,1,10009060,Beigang Township,P06,北港鎮
10009,P,雲林縣,POLYGON,1,10009070,Gukeng Township,P07,古坑鄉
10009,P,雲林縣,POLYGON,1,10009080,Dabi Township,P08,大埤鄉
10009,P,雲林縣,POLYGON,1,10009090,Citong Township,P09,莿桐鄉
10009,P,雲林縣,POLYGON,1,10009100,Linnei Township,P10,林內鄉
10009,P,雲林縣,POLYGON,1,10009110,Erlun Township,P11,二崙鄉
10009,P,雲林縣,POLYGON,1,10009120,Lunbei Township,P12,崙背鄉
10009,P,雲林縣,POLYGON,1,10009140,Dongshi Township,P14,東勢鄉
10009,P,雲林縣,POLYGON,1,10009150,Baozhong Township,P15,褒忠鄉
10009,P,雲林縣,POLYGON,1,10009170,Yuanchang Township,P17,元長鄉
10009,P,雲林縣,POLYGON,1,10009200,Shuilin Township,P20,水林鄉
10010,Q,嘉義縣,POLYGON,1,10010020,Puzi City,Q02,朴子市
10010,Q,嘉義縣,POLYGON,1,10010040,Dalin Township,Q04,大林鎮
10010,Q,嘉義縣,POLYGON,1,10010050,Minxueng Township,Q05,民雄鄉
10010,Q,嘉義縣,POLYGON,1,10010060,Xikou Township,Q06,溪口鄉
10010,Q,嘉義縣,POLYGON,1,10010070,Xingang Township,Q07,新港鄉
10010,Q,嘉義縣,POLYGON,1,10010080,Liujiao Township,Q08,六腳鄉
10010,Q,嘉義縣,POLYGON,1,10010100,Yizhu Township,Q10,義竹鄉
10010,Q,嘉義縣,POLYGON,1,10010110,Lucao Township,Q11,鹿草鄉
10010,Q,嘉義縣,POLYGON,1,10010140,Zhuqi Township,Q15,竹崎鄉
10010,Q,嘉義縣,POLYGON,1,10010150,Meishan Township,Q16,梅山鄉
10010,Q,嘉義縣,POLYGON,1,10010170,Dapu Township,Q18,大埔鄉
10010,Q,嘉義縣,POLYGON,1,10010180,Alishan Township,Q20,阿里山鄉
10013,T,屏東縣,POLYGON,1,10013010,Pingtung City,T01,屏東市
10013,T,屏東縣,POLYGON,1,10013020,Chaozhou Township,T02,潮州鎮
10013,T,屏東縣,POLYGON,1,10013060,Changzhi Township,T06,長治鄉
10013,T,屏東縣,POLYGON,1,10013070,Linluo Township,T07,麟洛鄉
10013,T,屏東縣,POLYGON,1,10013080,Jiuru Township,T08,九如鄉
10013,T,屏東縣,POLYGON,1,10013090,Ligang Township,T09,里港鄉
10013,T,屏東縣,POLYGON,1,10013100,Yanpu Township,T10,鹽埔鄉
10013,T,屏東縣,POLYGON,1,10013110,Gaoshu Township,T11,高樹鄉
10013,T,屏東縣,POLYGON,1,10013120,Wanluan Township,T12,萬巒鄉
10013,T,屏東縣,POLYGON,1,10013130,Neipu Township,T13,內埔鄉
10013,T,屏東縣,POLYGON,1,10013150,Xinbi Township,T15,新埤鄉
10013,T,屏東縣,POLYGON,1,10013180,Kanding Township,T18,崁頂鄉
10013,T,屏東縣,POLYGON,1,10013200,Nanzhou Township,T20,南州鄉
10013,T,屏東縣,POLYGON,1,10013220,Liuqiu Township,T22,琉球鄉
10013,T,屏東縣,POLYGON,1,10013260,Sandimen Township,T26,三地門鄉
10013,T,屏東縣,POLYGON,1,10013270,Wutai Township,T27,霧臺鄉
10013,T,屏東縣,POLYGON,1,10013280,Majia Township,T28,瑪家鄉
10013,T,屏東縣,POLYGON,1,10013290,Taiwu Township,T29,泰武鄉
10013,T,屏東縣,POLYGON,1,10013300,Laiyi Township,T30,來義鄉
10013,T,屏東縣,POLYGON,1,10013310,Chunri Township,T31,春日鄉
10013,T,屏東縣,POLYGON,1,10013320,Shizi Township,T32,獅子鄉
10014,V,臺東縣,POLYGON,1,10014050,Luye Township,V09,鹿野鄉
10014,V,臺東縣,POLYGON,1,10014060,Chishang Township,V10,池上鄉
10014,V,臺東縣,POLYGON,1,10014130,Yanping Township,V12,延平鄉
10015,U,花蓮縣,POLYGON,1,10015020,Fenglin Township,U07,鳳林鎮
10015,U,花蓮縣,POLYGON,1,10015070,Guangfu Township,U02,光復鄉
10015,U,花蓮縣,POLYGON,1,10015090,Ruisui Township,U09,瑞穗鄉
10015,U,花蓮縣,POLYGON,1,10015100,Fuli Township,U10,富里鄉
10015,U,花蓮縣,POLYGON,1,10015120,Wanrong Township,U12,萬榮鄉
10016,X,澎湖縣,MULTIPOLYGON,1,10016010,Magong City,X01,馬公市
10016,X,澎湖縣,MULTIPOLYGON,1,10016020,Huxi Township,X02,湖西鄉
10016,X,澎湖縣,MULTIPOLYGON,1,10016030,Baisha Township,X03,白沙鄉
10016,X,澎湖縣,MULTIPOLYGON,1,10016040,Xiyu Township,X04,西嶼鄉
10016,X,澎湖縣,MULTIPOLYGON,1,10016050,Wangan Township,X05,望安鄉
10016,X,澎湖縣,POLYGON,1,10016060,Qimei Township,X06,七美鄉
10017,C,基隆市,POLYGON,1,10017030,Nuannuan District,C03,暖暖區
63000,A,臺北市,POLYGON,1,63000030,Daan District,A02,大安區
63000,A,臺北市,POLYGON,1,63000080,Wenshan District,A11,文山區
64000,E,高雄市,POLYGON,1,64000010,Yancheng District,E01,鹽埕區
64000,E,高雄市,POLYGON,1,64000060,Xinxing District,E06,新興區
64000,E,高雄市,POLYGON,1,64000070,Qianjin District,E07,前金區
64000,E,高雄市,POLYGON,1,64000090,Qianzhen District,E09,前鎮區
10014,V,臺東縣,POLYGON,1,10014140,Jinfeng Township,V15,金峰鄉
10002,G,宜蘭縣,MULTIPOLYGON,1,10002040,Toucheng Township,G02,頭城鎮
10002,G,宜蘭縣,POLYGON,1,10002120,Nanao Township,G12,南澳鄉
10004,J,新竹縣,POLYGON,1,10004010,Zhubei City,J05,竹北市
10004,J,新竹縣,POLYGON,1,10004060,Xinfeng Township,J09,新豐鄉
10005,K,苗栗縣,POLYGON,1,10005020,Yuanli Township,K02,苑裡鎮
10005,K,苗栗縣,POLYGON,1,10005030,Tongxiao Township,K03,通霄鎮
10005,K,苗栗縣,POLYGON,1,10005040,Zhunan Township,K09,竹南鎮
10005,K,苗栗縣,POLYGON,1,10005060,Houlong Township,K12,後龍鎮
10007,N,彰化縣,POLYGON,1,10007020,Lugang Township,N02,鹿港鎮
10007,N,彰化縣,POLYGON,1,10007060,Fuxing Township,N11,福興鄉
10009,P,雲林縣,POLYGON,1,10009160,Taixi Township,P16,臺西鄉
10009,P,雲林縣,POLYGON,1,10009180,Sihu Township,P18,四湖鄉
10009,P,雲林縣,MULTIPOLYGON,1,10009190,Kouhu Township,P19,口湖鄉
10010,Q,嘉義縣,POLYGON,1,10010030,Budai Township,Q03,布袋鎮
10013,T,屏東縣,POLYGON,1,10013030,Donggang Township,T03,東港鎮
10013,T,屏東縣,POLYGON,1,10013040,Hengchun Township,T04,恆春鎮
10013,T,屏東縣,POLYGON,1,10013160,Fangliao Township,T16,枋寮鄉
10013,T,屏東縣,POLYGON,1,10013170,Xinyuan Township,T17,新園鄉
10013,T,屏東縣,POLYGON,1,10013190,Linbian Township,T19,林邊鄉
10013,T,屏東縣,POLYGON,1,10013230,Checheng Township,T23,車城鄉
10013,T,屏東縣,POLYGON,1,10013240,Manzhou Township,T24,滿州鄉
10013,T,屏東縣,POLYGON,1,10013250,Fangshan Township,T25,枋山鄉
10013,T,屏東縣,POLYGON,1,10013330,Mudan Township,T33,牡丹鄉
10014,V,臺東縣,POLYGON,1,10014010,Taitung City,V01,臺東市
10014,V,臺東縣,POLYGON,1,10014040,Beinan Township,V04,卑南鄉
10014,V,臺東縣,POLYGON,1,10014070,Donghe Township,V07,東河鄉
10014,V,臺東縣,POLYGON,1,10014090,Taimali Township,V06,太麻里鄉
10015,U,花蓮縣,POLYGON,1,10015050,Jian Township,U05,吉安鄉
10015,U,花蓮縣,POLYGON,1,10015060,Shoufeng Township,U06,壽豐鄉
10015,U,花蓮縣,POLYGON,1,10015110,Xiulin Township,U11,秀林鄉
64000,E,高雄市,POLYGON,1,64000040,Nanzi District,E04,楠梓區
64000,E,高雄市,POLYGON,1,64000120,Fengshan District,E12,鳳山區
64000,E,高雄市,POLYGON,1,64000140,Daliao District,E14,大寮區
64000,E,高雄市,POLYGON,1,64000150,Dashu District,E15,大樹區
64000,E,高雄市,POLYGON,1,64000160,Dashe District,E16,大社區
64000,E,高雄市,POLYGON,1,64000170,Renwu District,E17,仁武區
64000,E,高雄市,POLYGON,1,64000180,Niaosong District,E18,鳥松區
64000,E,高雄市,POLYGON,1,64000190,Gangshan District,E19,岡山區
64000,E,高雄市,POLYGON,1,64000200,Qiaotou District,E20,橋頭區
64000,E,高雄市,POLYGON,1,64000210,Yanchao District,E21,燕巢區
64000,E,高雄市,POLYGON,1,64000220,Tianliao District,E22,田寮區
64000,E,高雄市,POLYGON,1,64000230,Alian District,E23,阿蓮區
64000,E,高雄市,POLYGON,1,64000240,Luzhu District,E24,路竹區
64000,E,高雄市,POLYGON,1,64000250,Hunei District,E25,湖內區
64000,E,高雄市,POLYGON,1,64000300,Qishan District,E30,旗山區
64000,E,高雄市,POLYGON,1,64000310,Meinong District,E31,美濃區
64000,E,高雄市,POLYGON,1,64000320,Liugui District,E32,六龜區
64000,E,高雄市,POLYGON,1,64000330,Jiaxian District,E33,甲仙區
64000,E,高雄市,POLYGON,1,64000340,Shanlin District,E34,杉林區
64000,E,高雄市,POLYGON,1,64000350,Neimen District,E35,內門區
64000,E,高雄市,POLYGON,1,64000360,Maolin District,E36,茂林區
64000,E,高雄市,MULTIPOLYGON,1,64000370,Taoyuan District,E37,桃源區
64000,E,高雄市,POLYGON,1,64000380,Namaxia District,E38,那瑪夏區
65000,F,新北市,POLYGON,1,65000040,Yonghe District,F33,永和區
65000,F,新北市,POLYGON,1,65000060,Xindian District,F07,新店區
65000,F,新北市,POLYGON,1,65000130,Tucheng District,F19,土城區
65000,F,新北市,POLYGON,1,65000140,Luzhou District,F04,蘆洲區
65000,F,新北市,POLYGON,1,65000150,Wugu District,F03,五股區
65000,F,新北市,POLYGON,1,65000200,Pinglin District,F10,坪林區
65000,F,新北市,POLYGON,1,65000240,Pingxi District,F22,平溪區
65000,F,新北市,POLYGON,1,65000290,Wulai District,F11,烏來區
66000,B,臺中市,POLYGON,1,66000010,Zhong District,B01,中區
66000,B,臺中市,POLYGON,1,66000020,E. District,B02,東區
66000,B,臺中市,POLYGON,1,66000030,S. District,B03,南區
66000,B,臺中市,POLYGON,1,66000040,W. District,B04,西區
66000,B,臺中市,POLYGON,1,66000050,N. District,B05,北區
66000,B,臺中市,POLYGON,1,66000060,Xitun District,B06,西屯區
66000,B,臺中市,POLYGON,1,66000080,Beitun District,B08,北屯區
66000,B,臺中市,POLYGON,1,66000090,Fengyuan District,B09,豐原區
66000,B,臺中市,POLYGON,1,66000100,Dongshi District,B10,東勢區
66000,B,臺中市,POLYGON,1,66000130,Shalu District,B13,沙鹿區
66000,B,臺中市,POLYGON,1,66000150,Houli District,B15,后里區
66000,B,臺中市,POLYGON,1,66000160,Shengang District,B16,神岡區
66000,B,臺中市,POLYGON,1,66000170,Tanzi District,B17,潭子區
66000,B,臺中市,POLYGON,1,66000180,Daya District,B18,大雅區
66000,B,臺中市,POLYGON,1,66000190,Xinshe District,B19,新社區
66000,B,臺中市,POLYGON,1,66000200,Shigang District,B20,石岡區
66000,B,臺中市,POLYGON,1,66000210,Waipu District,B21,外埔區
66000,B,臺中市,POLYGON,1,66000240,Dadu District,B24,大肚區
66000,B,臺中市,POLYGON,1,66000270,Taiping District,B27,太平區
66000,B,臺中市,POLYGON,1,66000290,Heping District,B29,和平區
67000,D,臺南市,POLYGON,1,67000010,Xinying District,D09,新營區
67000,D,臺南市,POLYGON,1,67000020,Yanshui District,D10,鹽水區
67000,D,臺南市,POLYGON,1,67000030,Baihe District,D12,白河區
67000,D,臺南市,POLYGON,1,67000050,Houbi District,D13,後壁區
67000,D,臺南市,POLYGON,1,67000070,Madou District,D15,麻豆區
67000,D,臺南市,POLYGON,1,67000080,Xiaying District,D16,下營區
67000,D,臺南市,POLYGON,1,67000090,Liujia District,D17,六甲區
67000,D,臺南市,POLYGON,1,67000100,Guantian District,D18,官田區
67000,D,臺南市,POLYGON,1,67000110,Danei District,D19,大內區
67000,D,臺南市,POLYGON,1,67000120,Jiali District,D20,佳里區
67000,D,臺南市,POLYGON,1,67000130,Xuejia District,D25,學甲區
67000,D,臺南市,POLYGON,1,67000140,Xigang District,D21,西港區
67000,D,臺南市,POLYGON,1,67000180,Xinhua District,D26,新化區
67000,D,臺南市,POLYGON,1,67000200,Xinshi District,D28,新市區
67000,D,臺南市,POLYGON,1,67000210,Anding District,D29,安定區
67000,D,臺南市,POLYGON,1,67000230,Yujing District,D36,玉井區
67000,D,臺南市,POLYGON,1,67000240,Nanxi District,D37,楠西區
67000,D,臺南市,POLYGON,1,67000250,Nanhua District,D38,南化區
67000,D,臺南市,POLYGON,1,67000260,Zuozhen District,D31,左鎮區
67000,D,臺南市,POLYGON,1,67000270,Rende District,D32,仁德區
67000,D,臺南市,POLYGON,1,67000280,Guiren District,D33,歸仁區
67000,D,臺南市,POLYGON,1,67000290,Guanmiao District,D34,關廟區
67000,D,臺南市,POLYGON,1,67000300,Longqi District,D35,龍崎區
67000,D,臺南市,POLYGON,1,67000310,Yongkang District,D39,永康區
67000,D,臺南市,POLYGON,1,67000340,N. District,D04,北區
64000,E,高雄市,POLYGON,1,64000130,Linyuan District,E13,林園區
64000,E,高雄市,POLYGON,1,64000260,Jiading District,E26,茄萣區
64000,E,高雄市,POLYGON,1,64000270,Yongan District,E27,永安區
64000,E,高雄市,POLYGON,1,64000280,Mituo District,E28,彌陀區
64000,E,高雄市,POLYGON,1,64000290,Ziguan District,E29,梓官區
65000,F,新北市,POLYGON,1,65000100,Danshui District,F27,淡水區
65000,F,新北市,POLYGON,1,65000120,Ruifang District,F21,瑞芳區
65000,F,新北市,POLYGON,1,65000170,Linkou District,F02,林口區
65000,F,新北市,POLYGON,1,65000210,Sanzhi District,F30,三芝區
65000,F,新北市,POLYGON,1,65000230,Bali District,F32,八里區
66000,B,臺中市,POLYGON,1,66000110,Dajia District,B11,大甲區
66000,B,臺中市,POLYGON,1,66000220,Daan District,B22,大安區
66000,B,臺中市,POLYGON,1,66000250,Longjing District,B25,龍井區
67000,D,臺南市,POLYGON,1,67000170,Beimen District,D24,北門區
67000,D,臺南市,POLYGON,1,67000350,Annan District,D06,安南區
68000,H,桃園市,POLYGON,1,68000050,Luzhu District,H05,蘆竹區
68000,H,桃園市,POLYGON,1,68000070,Guishan District,H07,龜山區
68000,H,桃園市,POLYGON,1,68000090,Longtan District,H09,龍潭區
68000,H,桃園市,POLYGON,1,68000130,Fuxing District,H13,復興區
10020,I,嘉義市,POLYGON,1,10020010,E. District,I01,東區
10020,I,嘉義市,POLYGON,1,10020020,W. District,I02,西區
10014,V,臺東縣,POLYGON,1,10014150,Daren Township,V14,達仁鄉
10014,V,臺東縣,POLYGON,1,10014100,Dawu Township,V05,大武鄉
10014,V,臺東縣,POLYGON,1,10014030,Guanshan Township,V03,關山鎮
10014,V,臺東縣,POLYGON,1,10014120,Haiduan Township,V13,海端鄉
10018,O,新竹市,POLYGON,1,10018020,N. District,O02,北區
10018,O,新竹市,POLYGON,1,10018030,Xiangshan District,O03,香山區
10018,O,新竹市,POLYGON,1,10018010,E. District,O01,東區
10002,G,宜蘭縣,POLYGON,1,10002050,Jiaoxi Township,G03,礁溪鄉
10015,U,花蓮縣,POLYGON,1,10015030,Yuli Township,U03,玉里鎮
10015,U,花蓮縣,POLYGON,1,10015130,Zhuoxi Township,U13,卓溪鄉
10005,K,苗栗縣,POLYGON,1,10005050,Toufen City,K10,頭份市
66000,B,臺中市,POLYGON,1,66000120,Qingshui District,B12,清水區
66000,B,臺中市,POLYGON,1,66000140,Wuqi District,B14,梧棲區
67000,D,臺南市,POLYGON,1,67000330,S. District,D02,南區
67000,D,臺南市,POLYGON,1,67000320,E. District,D01,東區
67000,D,臺南市,POLYGON,1,67000360,Anping District,D07,安平區
67000,D,臺南市,POLYGON,1,67000370,Zhongxi District,D08,中西區
68000,H,桃園市,POLYGON,1,68000030,Daxi District,H02,大溪區
68000,H,桃園市,POLYGON,1,68000080,Bade District,H08,八德區
68000,H,桃園市,POLYGON,1,68000020,Zhongli District,H03,中壢區
68000,H,桃園市,POLYGON,1,68000010,Taoyuan District,H01,桃園區
68000,H,桃園市,POLYGON,1,68000060,Dayuan District,H06,大園區
68000,H,桃園市,POLYGON,1,68000040,Yangmei District,H04,楊梅區
10017,C,基隆市,POLYGON,1,10017020,Qidu District,C02,七堵區
10017,C,基隆市,POLYGON,1,10017040,Renai District,C04,仁愛區
10017,C,基隆市,POLYGON,1,10017070,Xinyi District,C07,信義區
10017,C,基隆市,MULTIPOLYGON,1,10017010,Zhongzheng District,C01,中正區
10017,C,基隆市,POLYGON,1,10017050,Zhongshan District,C05,中山區
10017,C,基隆市,POLYGON,1,10017060,Anle District,C06,安樂區
65000,F,新北市,POLYGON,1,65000090,Sanxia District,F15,三峽區
65000,F,新北市,POLYGON,1,65000080,Yingge District,F16,鶯歌區
65000,F,新北市,POLYGON,1,65000030,Zhonghe District,F18,中和區
65000,F,新北市,POLYGON,1,65000070,Shulin District,F17,樹林區
65000,F,新北市,POLYGON,1,65000180,Shenkeng District,F09,深坑區
65000,F,新北市,POLYGON,1,65000010,Banqiao District,F14,板橋區
65000,F,新北市,POLYGON,1,65000190,Shiding District,F08,石碇區
65000,F,新北市,POLYGON,1,65000050,Xinzhuang District,F01,新莊區
65000,F,新北市,POLYGON,1,65000160,Taishan District,F06,泰山區
65000,F,新北市,POLYGON,1,65000020,Sanzhong District,F05,三重區
65000,F,新北市,POLYGON,1,65000250,Shuangxi District,F23,雙溪區
65000,F,新北市,POLYGON,1,65000260,Gongliao District,F24,貢寮區
65000,F,新北市,POLYGON,1,65000110,Xizhi District,F28,汐止區
65000,F,新北市,POLYGON,1,65000280,Wanli District,F26,萬里區
65000,F,新北市,POLYGON,1,65000270,Jinshan District,F25,金山區
65000,F,新北市,POLYGON,1,65000220,Shimen District,F31,石門區
66000,B,臺中市,POLYGON,1,66000260,Wufeng District,B26,霧峰區
66000,B,臺中市,POLYGON,1,66000280,Dali District,B28,大里區
64000,E,高雄市,POLYGON,1,64000080,Lingya District,E08,苓雅區
64000,E,高雄市,POLYGON,1,64000050,Sanmin District,E05,三民區
68000,H,桃園市,POLYGON,1,68000110,Xinwu District,H11,新屋區
68000,H,桃園市,POLYGON,1,68000120,Guanyin District,H12,觀音區
09007,Z,連江縣,MULTIPOLYGON,1,09007020,Beigan Township,Z02,北竿鄉
09007,Z,連江縣,MULTIPOLYGON,1,09007040,Dongyin Township,Z04,東引鄉
09020,W,金門縣,MULTIPOLYGON,1,09020050,Lieyu Township,W05,烈嶼鄉
64000,E,高雄市,MULTIPOLYGON,1,64000100,Qijin District,E10,旗津區
10014,V,臺東縣,POLYGON,1,10014080,Changbin Township,V08,長濱鄉
10015,U,花蓮縣,POLYGON,1,10015080,Fengbin Township,U08,豐濱鄉
63000,A,臺北市,POLYGON,1,63000020,Xinyi District,A17,信義區
63000,A,臺北市,POLYGON,1,63000070,Wanhua District,A05,萬華區
63000,A,臺北市,POLYGON,1,63000050,Zhongzheng District,A03,中正區
63000,A,臺北市,POLYGON,1,63000090,Nangang District,A13,南港區
63000,A,臺北市,POLYGON,1,63000010,Songshan District,A01,松山區
63000,A,臺北市,POLYGON,1,63000060,Datong District,A09,大同區
63000,A,臺北市,POLYGON,1,63000040,Zhongshan District,A10,中山區
63000,A,臺北市,POLYGON,1,63000100,Neihu District,A14,內湖區
63000,A,臺北市,POLYGON,1,63000110,Shilin District,A15,士林區
63000,A,臺北市,POLYGON,1,63000120,Beitou District,A16,北投區
10015,U,花蓮縣,POLYGON,1,10015010,Hualien City,U01,花蓮市
10015,U,花蓮縣,POLYGON,1,10015040,Xincheng Township,U04,新城鄉
67000,D,臺南市,POLYGON,1,67000190,Shanhua District,D27,善化區
67000,D,臺南市,POLYGON,1,67000220,Shanshang District,D30,山上區
10007,N,彰化縣,POLYGON,1,10007190,Beidou Township,N04,北斗鎮
10007,N,彰化縣,POLYGON,1,10007210,Tianwei Township,N21,田尾鄉
09020,W,金門縣,MULTIPOLYGON,1,09020010,Jincheng Township,W03,金城鎮
09020,W,金門縣,MULTIPOLYGON,1,09020020,Jinsha Township,W02,金沙鎮
09020,W,金門縣,MULTIPOLYGON,1,09020030,Jinhu Township,W01,金湖鎮
67000,D,臺南市,POLYGON,1,67000040,Liuying District,D11,柳營區
67000,D,臺南市,POLYGON,1,67000060,Dongshan District,D14,東山區
67000,D,臺南市,POLYGON,1,67000150,Qigu District,D22,七股區
67000,D,臺南市,POLYGON,1,67000160,Jiangjun District,D23,將軍區
68000,H,桃園市,POLYGON,1,68000100,Pingzhen District,H10,平鎮區
64000,E,高雄市,POLYGON,1,64000020,Gushan District,E02,鼓山區
64000,E,高雄市,POLYGON,1,64000030,Zuoying District,E03,左營區
